{
    "results": {
        "tool": {
            "name": "pytest",
            "version": "8.4.1"
        },
        "summary": {
            "tests": 1,
            "passed": 1,
            "failed": 0,
            "skipped": 0,
            "pending": 0,
            "other": 0,
            "start": 1772512962.4652133,
            "stop": 1772512962.5259824
        },
        "tests": [
            {
                "name": "test_outputs.py::test_move_correct",
                "status": "passed",
                "duration": 0.0005306229995767353,
                "start": 1772512962.5235505,
                "stop": 1772512962.5250802,
                "retries": 0,
                "file_path": "test_outputs.py"
            }
        ]
    }
}