{
    "results": {
        "tool": {
            "name": "pytest",
            "version": "8.4.1"
        },
        "summary": {
            "tests": 2,
            "passed": 2,
            "failed": 0,
            "skipped": 0,
            "pending": 0,
            "other": 0,
            "start": 1772557709.6233902,
            "stop": 1772557709.6840801
        },
        "tests": [
            {
                "name": "test_outputs.py::test_result_exists",
                "status": "passed",
                "duration": 0.0005101200003991835,
                "start": 1772557709.678217,
                "stop": 1772557709.6796727,
                "retries": 0,
                "file_path": "test_outputs.py"
            },
            {
                "name": "test_outputs.py::test_data_matches",
                "status": "passed",
                "duration": 0.0016700869964552112,
                "start": 1772557709.6799147,
                "stop": 1772557709.6825397,
                "retries": 0,
                "file_path": "test_outputs.py"
            }
        ]
    }
}