{
    "results": {
        "tool": {
            "name": "pytest",
            "version": "8.4.1"
        },
        "summary": {
            "tests": 2,
            "passed": 2,
            "failed": 0,
            "skipped": 0,
            "pending": 0,
            "other": 0,
            "start": 1772557697.1050355,
            "stop": 1772557697.1781855
        },
        "tests": [
            {
                "name": "test_outputs.py::test_result_exists",
                "status": "passed",
                "duration": 0.0005479530009324662,
                "start": 1772557697.1735477,
                "stop": 1772557697.1749535,
                "retries": 0,
                "file_path": "test_outputs.py"
            },
            {
                "name": "test_outputs.py::test_data_matches",
                "status": "passed",
                "duration": 0.0014896290049364325,
                "start": 1772557697.175178,
                "stop": 1772557697.1775084,
                "retries": 0,
                "file_path": "test_outputs.py"
            }
        ]
    }
}