{
    "results": {
        "tool": {
            "name": "pytest",
            "version": "8.4.1"
        },
        "summary": {
            "tests": 1,
            "passed": 1,
            "failed": 0,
            "skipped": 0,
            "pending": 0,
            "other": 0,
            "start": 1772513157.9158235,
            "stop": 1772513157.9848862
        },
        "tests": [
            {
                "name": "test_outputs.py::test_move_correct",
                "status": "passed",
                "duration": 0.0005042610009695636,
                "start": 1772513157.9820194,
                "stop": 1772513157.983737,
                "retries": 0,
                "file_path": "test_outputs.py"
            }
        ]
    }
}