{
    "results": {
        "tool": {
            "name": "pytest",
            "version": "8.4.1"
        },
        "summary": {
            "tests": 1,
            "passed": 1,
            "failed": 0,
            "skipped": 0,
            "pending": 0,
            "other": 0,
            "start": 1772513133.1995451,
            "stop": 1772513133.258058
        },
        "tests": [
            {
                "name": "test_outputs.py::test_move_correct",
                "status": "passed",
                "duration": 0.0006316270009847358,
                "start": 1772513133.2552016,
                "stop": 1772513133.2570515,
                "retries": 0,
                "file_path": "test_outputs.py"
            }
        ]
    }
}