{
    "results": {
        "tool": {
            "name": "pytest",
            "version": "8.4.1"
        },
        "summary": {
            "tests": 2,
            "passed": 2,
            "failed": 0,
            "skipped": 0,
            "pending": 0,
            "other": 0,
            "start": 1772557562.4830217,
            "stop": 1772557562.5463781
        },
        "tests": [
            {
                "name": "test_outputs.py::test_result_exists",
                "status": "passed",
                "duration": 0.0006775819965696428,
                "start": 1772557562.5412827,
                "stop": 1772557562.5430148,
                "retries": 0,
                "file_path": "test_outputs.py"
            },
            {
                "name": "test_outputs.py::test_data_matches",
                "status": "passed",
                "duration": 0.0013871490009478293,
                "start": 1772557562.543218,
                "stop": 1772557562.5454185,
                "retries": 0,
                "file_path": "test_outputs.py"
            }
        ]
    }
}