{
    "results": {
        "tool": {
            "name": "pytest",
            "version": "8.4.1"
        },
        "summary": {
            "tests": 2,
            "passed": 2,
            "failed": 0,
            "skipped": 0,
            "pending": 0,
            "other": 0,
            "start": 1772514988.8274622,
            "stop": 1772514988.8455825
        },
        "tests": [
            {
                "name": "test_outputs.py::test_hello_file_exists",
                "status": "passed",
                "duration": 0.0005479049996210961,
                "start": 1772514988.841494,
                "stop": 1772514988.8430579,
                "retries": 0,
                "file_path": "test_outputs.py"
            },
            {
                "name": "test_outputs.py::test_hello_file_content",
                "status": "passed",
                "duration": 0.00039008299972920213,
                "start": 1772514988.8432758,
                "stop": 1772514988.8446274,
                "retries": 0,
                "file_path": "test_outputs.py"
            }
        ]
    }
}