{
    "results": {
        "tool": {
            "name": "pytest",
            "version": "8.4.1"
        },
        "summary": {
            "tests": 2,
            "passed": 2,
            "failed": 0,
            "skipped": 0,
            "pending": 0,
            "other": 0,
            "start": 1772557598.5289705,
            "stop": 1772557598.621159
        },
        "tests": [
            {
                "name": "test_outputs.py::test_result_exists",
                "status": "passed",
                "duration": 0.001490107002609875,
                "start": 1772557598.6096907,
                "stop": 1772557598.6133013,
                "retries": 0,
                "file_path": "test_outputs.py"
            },
            {
                "name": "test_outputs.py::test_data_matches",
                "status": "passed",
                "duration": 0.00384555399796227,
                "start": 1772557598.6139688,
                "stop": 1772557598.6196384,
                "retries": 0,
                "file_path": "test_outputs.py"
            }
        ]
    }
}