{
    "results": {
        "tool": {
            "name": "pytest",
            "version": "8.4.1"
        },
        "summary": {
            "tests": 2,
            "passed": 2,
            "failed": 0,
            "skipped": 0,
            "pending": 0,
            "other": 0,
            "start": 1772557655.158149,
            "stop": 1772557655.2205484
        },
        "tests": [
            {
                "name": "test_outputs.py::test_result_exists",
                "status": "passed",
                "duration": 0.0006651639996562153,
                "start": 1772557655.2144556,
                "stop": 1772557655.216405,
                "retries": 0,
                "file_path": "test_outputs.py"
            },
            {
                "name": "test_outputs.py::test_data_matches",
                "status": "passed",
                "duration": 0.00189384099576273,
                "start": 1772557655.21664,
                "stop": 1772557655.2195573,
                "retries": 0,
                "file_path": "test_outputs.py"
            }
        ]
    }
}