{
    "results": {
        "tool": {
            "name": "pytest",
            "version": "8.4.1"
        },
        "summary": {
            "tests": 2,
            "passed": 2,
            "failed": 0,
            "skipped": 0,
            "pending": 0,
            "other": 0,
            "start": 1772515391.9680977,
            "stop": 1772515391.989445
        },
        "tests": [
            {
                "name": "test_outputs.py::test_hello_file_exists",
                "status": "passed",
                "duration": 0.0006088119989726692,
                "start": 1772515391.9850805,
                "stop": 1772515391.9867396,
                "retries": 0,
                "file_path": "test_outputs.py"
            },
            {
                "name": "test_outputs.py::test_hello_file_content",
                "status": "passed",
                "duration": 0.0004384360017866129,
                "start": 1772515391.9869733,
                "stop": 1772515391.9884899,
                "retries": 0,
                "file_path": "test_outputs.py"
            }
        ]
    }
}